"step","input_1","output_1","score_1","input_2","output_2","score_2","input_3","output_3","score_3","input_4","output_4","score_4","input_5","output_5","score_5","input_6","output_6","score_6","input_7","output_7","score_7","input_8","output_8","score_8"
"25","SpocEnvConfig(render_mode=vision,max_actions_per_step=3,chores_split=fifteen,task_type=Fetch)","<|im_start|>system
<|im_end|>
<|im_start|>user
Error resetting environment val21: Environment val21 not found in service<|im_end|>
<|im_start|>assistant
<|im_end|>
<|im_start|>user
Error stepping environment val21: Environment val21 not found<|im_end|>
<|im_start|>assistant
","0","SpocEnvConfig(render_mode=vision,max_actions_per_step=3,chores_split=fifteen,task_type=Fetch)","<|im_start|>system
<|im_end|>
<|im_start|>user
Error resetting environment val16: Environment val16 not found in service<|im_end|>
<|im_start|>assistant
<|im_end|>
<|im_start|>user
Error stepping environment val16: Environment val16 not found<|im_end|>
<|im_start|>assistant
","0","SpocEnvConfig(render_mode=vision,max_actions_per_step=3,chores_split=fifteen,task_type=Fetch)","<|im_start|>system
<|im_end|>
<|im_start|>user
Error resetting environment val81: Environment val81 not found in service<|im_end|>
<|im_start|>assistant
<|im_end|>
<|im_start|>user
Error stepping environment val81: Environment val81 not found<|im_end|>
<|im_start|>assistant
","0","SpocEnvConfig(render_mode=vision,max_actions_per_step=3,chores_split=fifteen,task_type=Fetch)","<|im_start|>system
<|im_end|>
<|im_start|>user
Error resetting environment val51: Environment val51 not found in service<|im_end|>
<|im_start|>assistant
<|im_end|>
<|im_start|>user
Error stepping environment val51: Environment val51 not found<|im_end|>
<|im_start|>assistant
","0","SpocEnvConfig(render_mode=vision,max_actions_per_step=3,chores_split=fifteen,task_type=Fetch)","<|im_start|>system
<|im_end|>
<|im_start|>user
Error resetting environment val22: Environment val22 not found in service<|im_end|>
<|im_start|>assistant
<|im_end|>
<|im_start|>user
Error stepping environment val22: Environment val22 not found<|im_end|>
<|im_start|>assistant
","0","SpocEnvConfig(render_mode=vision,max_actions_per_step=3,chores_split=fifteen,task_type=Fetch)","<|im_start|>system
<|im_end|>
<|im_start|>user
Error resetting environment val100: Environment val100 not found in service<|im_end|>
<|im_start|>assistant
<|im_end|>
<|im_start|>user
Error stepping environment val100: Environment val100 not found<|im_end|>
<|im_start|>assistant
","0","SpocEnvConfig(render_mode=vision,max_actions_per_step=3,chores_split=fifteen,task_type=Fetch)","<|im_start|>system
<|im_end|>
<|im_start|>user
Error resetting environment val30: Environment val30 not found in service<|im_end|>
<|im_start|>assistant
<|im_end|>
<|im_start|>user
Error stepping environment val30: Environment val30 not found<|im_end|>
<|im_start|>assistant
","0","SpocEnvConfig(render_mode=vision,max_actions_per_step=3,chores_split=fifteen,task_type=Fetch)","<|im_start|>system
<|im_end|>
<|im_start|>user
Error resetting environment val10: Environment val10 not found in service<|im_end|>
<|im_start|>assistant
<|im_end|>
<|im_start|>user
Error stepping environment val10: Environment val10 not found<|im_end|>
<|im_start|>assistant
","0"